climate station,lat,long,crop,avg sowing doy,# values sowing,avg harvest doy,# values harvest,earliest sowing doy,latest sowing doy,earliest harvest doy,latest harvest doy
8203,53.0333,11.2667,SW,83,3,226,3,79.0,88.0,209.0,246.0
8212,53.0333,11.5333,SW,100,11,246,11,89.0,107.0,226.0,263.0
8213,53.0833,11.1833,SW,75,3,228,3,67.0,86.0,216.0,244.0
8218,52.9667,11.15,SW,90,3,225,3,81.0,98.0,216.0,238.0
8228,53.0,11.1513,SW,89,8,231,7,72.0,101.0,226.0,237.0
8232,53.05,11.2167,SW,91,5,231,4,86.0,96.0,220.0,239.0
8238,53.2,10.55,SW,83,11,230,11,65.0,105.0,219.0,244.0
8245,53.1333,10.2167,SW,80,6,236,5,74.0,95.0,225.0,249.0
8253,53.1167,9.8,SW,100,10,230,11,88.0,108.0,220.0,240.0
8255,53.1,10.0667,SW,79,11,235,11,67.0,94.0,215.0,258.0
8258,52.9167,9.9667,SW,89,5,242,5,71.0,112.0,232.0,258.0
8260,53.0333,9.8333,SW,91,3,234,5,70.0,122.0,224.0,245.0
8261,53.1333,10.6,SW,91,3,226,3,79.0,100.0,216.0,238.0
8263,52.95,10.7667,SW,92,5,228,6,85.0,102.0,217.0,239.0
8269,53.0333,10.4167,SW,90,3,239,3,83.0,99.0,233.0,248.0
8279,52.8,10.6333,SW,99,7,229,9,90.0,107.0,212.0,242.0
8288,53.0833,10.2833,SW,92,11,231,11,78.0,106.0,219.0,247.0
8301,53.45,9.1167,SW,99,7,222,4,87.0,112.0,210.0,230.0
8304,53.8167,8.7667,SW,96,10,244,10,80.0,113.0,228.0,269.0
8332,53.3333,8.9167,SW,96,4,236,3,84.0,110.0,223.0,246.0
8348,53.5667,9.5167,SW,84,5,236,4,74.0,92.0,225.0,249.0
8352,53.6833,9.4333,SW,95,5,240,5,83.0,112.0,230.0,246.0
8353,53.6667,9.3833,SW,97,11,238,11,85.0,110.0,225.0,265.0
8354,53.45,9.3833,SW,95,6,240,8,80.0,105.0,222.0,262.0
8355,53.4667,9.7,SW,93,10,229,11,87.0,103.0,205.0,243.0
8360,53.5167,9.4833,SW,83,5,222,7,65.0,96.0,203.0,243.0
8361,53.6167,9.3167,SW,87,6,238,6,74.0,100.0,225.0,248.0
8363,53.7167,9.2833,SW,94,4,251,3,76.0,104.0,248.0,257.0
8368,53.8,9.25,SW,97,7,243,6,71.0,109.0,226.0,257.0
8379,53.1167,9.15,SW,82,5,231,4,71.0,94.0,223.0,242.0
8380,52.9333,9.1833,SW,89,9,238,9,65.0,116.0,225.0,249.0
8388,53.4333,8.6167,SW,113,10,222,11,94.0,121.0,209.0,234.0
8393,53.45,8.6167,SW,101,5,244,7,90.0,109.0,226.0,265.0
8411,52.55,7.95,SW,89,10,233,11,67.0,111.0,219.0,250.0
8416,52.6667,7.95,SW,101,11,228,7,88.0,121.0,220.0,241.0
8424,52.6,6.85,SW,98,10,230,7,82.0,121.0,220.0,246.0
8430,52.2833,7.2833,SW,93,7,232,8,80.0,108.0,223.0,241.0
8431,52.3167,7.2333,SW,87,9,239,5,78.0,95.0,225.0,253.0
8438,52.6,7.4333,SW,89,10,230,10,74.0,100.0,220.0,245.0
8447,52.2,8.35,SW,103,10,244,11,93.0,112.0,228.0,259.0
8454,52.7833,7.2333,SW,84,6,228,3,66.0,108.0,227.0,230.0
8455,52.6667,7.4833,SW,78,9,226,8,67.0,92.0,219.0,236.0
8459,52.25,7.95,SW,95,10,224,11,78.0,111.0,198.0,234.0
8477,52.3167,8.3667,SW,94,3,235,3,86.0,107.0,232.0,242.0
8482,53.35,7.1833,SW,90,9,253,7,62.0,107.0,236.0,277.0
8495,53.4667,7.35,SW,99,3,243,3,93.0,106.0,230.0,253.0
8497,53.4667,7.5167,SW,88,5,229,4,80.0,105.0,210.0,243.0
8517,53.4833,7.1833,SW,90,11,246,11,75.0,112.0,231.0,262.0
8522,53.55,7.3,SW,104,11,238,11,95.0,124.0,227.0,254.0
8524,53.6,7.2167,SW,104,4,222,5,98.0,109.0,214.0,239.0
8527,53.5333,7.2833,SW,100,9,235,8,90.0,117.0,224.0,249.0
8529,53.6,7.15,SW,98,5,240,5,76.0,118.0,222.0,260.0
8530,53.35,7.1167,SW,90,9,245,9,70.0,105.0,230.0,274.0
8534,53.6,7.6333,SW,100,10,236,11,87.0,120.0,224.0,246.0
8535,53.65,7.6167,SW,92,3,228,5,80.0,109.0,204.0,242.0
8539,53.7,7.7,SW,105,4,230,4,100.0,110.0,227.0,233.0
8545,53.5833,7.7667,SW,87,8,243,9,72.0,102.0,211.0,258.0
8554,52.25,10.6667,SW,86,3,241,3,84.0,91.0,224.0,256.0
8557,52.2833,10.6167,SW,90,10,229,11,64.0,112.0,216.0,244.0
8558,52.9667,9.0167,SW,93,7,233,7,85.0,105.0,219.0,246.0
8559,52.2167,10.3667,SW,82,11,238,11,65.0,104.0,225.0,253.0
8561,51.9,9.85,SW,82,7,245,7,75.0,95.0,231.0,270.0
8565,51.95,10.2167,SW,78,3,238,3,74.0,83.0,217.0,262.0
8569,51.8833,10.1667,SW,100,3,241,6,96.0,108.0,230.0,259.0
8573,51.9667,10.35,SW,86,11,229,10,76.0,104.0,202.0,246.0
8576,52.0167,10.4333,SW,84,6,246,5,75.0,98.0,220.0,263.0
8577,52.0167,10.4,SW,93,7,230,11,69.0,130.0,201.0,249.0
8579,51.95,10.5667,SW,95,8,234,9,87.0,108.0,214.0,248.0
8583,52.3167,11.0167,SW,90,6,237,4,73.0,110.0,216.0,251.0
8584,52.3667,10.9333,SW,87,9,228,9,70.0,112.0,218.0,245.0
8591,52.35,10.9667,SW,89,3,229,3,69.0,107.0,218.0,240.0
8592,52.25,10.85,SW,84,9,232,9,43.0,99.0,221.0,245.0
8594,52.2833,10.75,SW,78,9,230,8,62.0,114.0,203.0,266.0
8595,52.15,10.95,SW,76,11,225,11,34.0,109.0,213.0,242.0
8598,52.4333,10.85,SW,86,11,229,11,73.0,106.0,213.0,245.0
8599,52.1833,10.9333,SW,84,10,236,10,69.0,105.0,219.0,258.0
8600,52.1,10.85,SW,79,9,239,9,63.0,108.0,218.0,263.0
8602,52.15,10.4667,SW,82,6,232,7,39.0,108.0,216.0,242.0
8604,52.2,10.3333,SW,91,3,230,3,78.0,101.0,219.0,245.0
8605,51.8833,10.55,SW,86,4,246,3,71.0,106.0,244.0,249.0
8606,52.1833,10.7167,SW,81,9,237,9,41.0,114.0,223.0,252.0
8607,52.1,10.6333,SW,84,10,228,10,69.0,112.0,216.0,245.0
8608,52.1667,10.5167,SW,110,4,236,6,94.0,124.0,215.0,254.0
8609,52.1333,10.7,SW,85,11,236,11,69.0,117.0,223.0,251.0
8611,52.1167,10.7167,SW,80,11,232,10,41.0,114.0,222.0,244.0
8613,52.0667,10.7833,SW,82,10,243,10,66.0,97.0,225.0,260.0
8616,53.15,8.2,SW,84,11,236,9,71.0,101.0,229.0,252.0
8621,53.25,8.2,SW,111,6,233,6,100.0,126.0,210.0,252.0
8626,53.25,8.1,SW,105,5,240,5,96.0,113.0,237.0,246.0
8636,52.8167,8.1167,SW,94,10,223,10,88.0,104.0,212.0,234.0
8652,53.6833,7.9333,SW,96,7,244,6,85.0,106.0,224.0,274.0
8671,52.9833,8.2833,SW,81,3,226,5,63.0,100.0,214.0,242.0
8675,53.0667,8.1667,SW,90,5,238,6,77.0,104.0,227.0,258.0
8678,52.75,8.2,SW,92,3,230,3,90.0,95.0,223.0,240.0
8680,52.65,8.1167,SW,97,11,234,9,88.0,107.0,211.0,250.0
8724,51.2,6.45,SW,73,11,229,11,43.0,94.0,220.0,246.0
8749,51.0833,6.5833,SW,66,4,228,4,54.0,85.0,224.0,241.0
8754,51.1,6.5,SW,91,10,222,8,60.0,115.0,213.0,228.0
8756,51.3667,6.4167,SW,69,7,231,3,50.0,93.0,225.0,245.0
8764,51.25,6.4833,SW,76,9,233,8,36.0,109.0,209.0,249.0
8765,51.3833,6.45,SW,83,10,220,11,75.0,96.0,198.0,235.0
8767,51.2333,6.55,SW,64,4,228,4,53.0,77.0,222.0,235.0
8780,51.7833,6.45,SW,76,6,215,5,69.0,91.0,206.0,222.0
8806,51.35,6.95,SW,97,8,237,9,81.0,111.0,222.0,254.0
8807,51.5167,6.3167,SW,84,4,219,7,82.0,88.0,213.0,227.0
8815,51.5833,6.25,SW,78,10,220,7,70.0,90.0,209.0,238.0
8817,51.45,6.6333,SW,84,6,228,5,62.0,95.0,216.0,240.0
8818,51.55,6.6,SW,84,4,221,4,63.0,95.0,211.0,231.0
8820,51.45,6.5833,SW,63,4,222,3,55.0,72.0,212.0,233.0
8822,51.5833,6.5333,SW,88,8,231,9,72.0,105.0,224.0,240.0
8823,51.6167,6.5333,SW,90,8,231,8,77.0,110.0,224.0,240.0
8824,51.65,6.6167,SW,85,7,225,9,59.0,108.0,215.0,240.0
8830,50.9167,6.9167,SW,76,5,215,5,62.0,89.0,190.0,226.0
8833,50.85,6.7667,SW,71,8,232,8,42.0,95.0,215.0,245.0
8842,50.6667,7.15,SW,90,9,226,9,58.0,123.0,210.0,243.0
8843,50.7,7.1667,SW,72,6,225,5,58.0,86.0,213.0,241.0
8849,50.6667,6.8,SW,84,11,225,10,58.0,115.0,208.0,236.0
8851,50.6833,6.6667,SW,77,10,226,10,67.0,92.0,212.0,241.0
8852,50.6167,6.65,SW,68,4,228,4,56.0,81.0,221.0,240.0
662,52.2914,10.4465,SW,83,10,228,10,67.0,105.0,220.0,240.0
8869,50.8167,6.95,SW,73,11,225,11,45.0,95.0,210.0,240.0
11207,48.8167,11.85,SW,91,11,215,10,73.0,101.0,194.0,235.0
8893,50.8833,7.0667,SW,98,11,217,11,87.0,112.0,205.0,230.0
8951,51.0167,6.2833,SW,75,10,226,10,65.0,92.0,215.0,245.0
8952,51.0833,6.4167,SW,76,7,234,8,44.0,94.0,224.0,248.0
8958,50.8833,6.45,SW,79,9,219,9,54.0,95.0,209.0,233.0
8963,50.6,6.3167,SW,93,8,245,7,80.0,108.0,239.0,249.0
8971,50.4333,6.65,SW,94,9,230,10,72.0,109.0,211.0,260.0
8978,50.4167,6.4333,SW,105,5,244,4,97.0,113.0,237.0,252.0
8990,50.9167,6.1167,SW,80,9,219,11,53.0,96.0,207.0,234.0
8994,51.0167,6.05,SW,92,8,223,11,75.0,109.0,194.0,241.0
9004,52.0333,7.1,SW,90,5,224,8,76.0,108.0,220.0,229.0
9012,51.7,7.8333,SW,103,11,228,11,90.0,115.0,215.0,260.0
9015,51.8042,8.2049,SW,80,11,229,11,60.0,105.0,216.0,243.0
9016,51.8167,7.95,SW,85,4,219,4,76.0,105.0,207.0,229.0
9019,51.8333,7.05,SW,83,4,221,4,78.0,87.0,213.0,231.0
9024,51.85,6.7,SW,84,5,224,4,74.0,97.0,215.0,237.0
9027,51.95,7.1833,SW,87,4,221,4,76.0,97.0,205.0,240.0
9031,51.85,7.2167,SW,87,4,230,5,82.0,100.0,215.0,242.0
9034,51.9833,7.15,SW,76,4,237,3,70.0,87.0,223.0,244.0
9035,51.7,7.75,SW,101,11,223,10,78.0,113.0,209.0,236.0
9062,52.0833,7.3,SW,82,4,211,4,52.0,103.0,193.0,224.0
9071,52.3167,7.8,SW,108,6,228,6,90.0,123.0,218.0,240.0
9076,52.3333,7.5167,SW,105,5,228,5,97.0,115.0,220.0,248.0
9080,51.95,7.9833,SW,85,5,227,5,63.0,96.0,224.0,235.0
9083,51.8667,7.9167,SW,76,5,225,8,54.0,91.0,216.0,235.0
9084,51.9667,8.2333,SW,90,4,227,6,80.0,100.0,217.0,242.0
9087,51.5833,7.0667,SW,94,10,240,10,76.0,123.0,229.0,253.0
9088,51.6167,7.2,SW,85,10,228,10,70.0,110.0,216.0,246.0
9091,51.6,7.1,SW,75,4,228,4,63.0,84.0,220.0,242.0
9092,51.6,6.9167,SW,72,6,221,6,56.0,81.0,210.0,234.0
9097,51.6667,6.95,SW,85,10,227,10,70.0,109.0,213.0,246.0
9109,52.0833,8.5167,SW,90,4,233,6,80.0,105.0,216.0,258.0
9112,51.6833,8.6,SW,106,5,221,5,90.0,116.0,204.0,234.0
9117,51.9462,8.8856,SW,90,4,221,6,87.0,95.0,202.0,240.0
9147,51.7167,9.1833,SW,98,4,236,4,93.0,106.0,230.0,248.0
9166,52.1,8.9167,SW,98,10,235,11,76.0,115.0,222.0,251.0
9169,52.4167,8.6167,SW,86,9,229,10,62.0,106.0,220.0,247.0
9187,52.25,8.7333,SW,86,10,233,11,71.0,108.0,222.0,246.0
9198,51.7333,8.6833,SW,81,8,227,8,69.0,98.0,216.0,241.0
9201,51.4833,9.15,SW,82,3,249,4,73.0,91.0,237.0,263.0
9202,51.5833,9.25,SW,77,3,245,4,69.0,82.0,228.0,262.0
9209,51.6,9.1333,SW,87,11,230,9,74.0,105.0,223.0,247.0
9210,51.4667,9.1667,SW,95,5,239,5,74.0,105.0,223.0,250.0
9220,51.9167,8.5667,SW,77,6,234,5,70.0,92.0,220.0,243.0
9235,51.4,8.0667,SW,89,6,240,8,83.0,110.0,230.0,250.0
9253,51.1167,8.6333,SW,93,11,233,11,76.0,118.0,200.0,260.0
9260,51.45,8.6167,SW,96,7,237,8,80.0,118.0,219.0,248.0
9263,51.3667,7.6167,SW,79,10,230,11,66.0,92.0,219.0,242.0
9269,51.6667,8.35,SW,77,11,232,11,50.0,98.0,218.0,246.0
9274,51.65,8.2333,SW,83,11,231,11,70.0,106.0,220.0,249.0
9276,51.45,8.4333,SW,90,3,229,5,87.0,94.0,202.0,242.0
9304,51.1167,8.1667,SW,102,5,256,5,89.0,115.0,234.0,271.0
9307,50.8667,8.0333,SW,97,6,226,5,76.0,114.0,209.0,247.0
9315,50.9667,8.1,SW,106,8,235,11,82.0,131.0,217.0,264.0
9318,50.8833,8.1667,SW,94,8,232,8,73.0,107.0,212.0,259.0
9321,51.55,7.9167,SW,75,6,230,5,56.0,91.0,213.0,244.0
9329,51.65,8.1333,SW,90,5,230,5,67.0,108.0,222.0,246.0
9330,51.6333,8.1,SW,85,6,234,6,72.0,108.0,224.0,241.0
9358,51.4667,7.3667,SW,87,8,234,10,70.0,104.0,221.0,255.0
9359,51.3,7.3667,SW,94,4,236,3,81.0,109.0,225.0,245.0
9363,51.4189,7.425,SW,90,10,243,10,71.0,121.0,222.0,264.0
9373,51.4167,7.5333,SW,73,5,222,3,66.0,87.0,213.0,231.0
9382,51.65,7.8667,SW,82,4,240,8,77.0,89.0,222.0,259.0
9385,50.0852,8.7821,SW,81,6,220,5,67.0,91.0,207.0,229.0
9387,50.75,9.2667,SW,89,7,243,5,79.0,116.0,234.0,257.0
9400,49.6667,8.55,SW,70,10,226,4,49.0,96.0,212.0,243.0
9417,50.3667,9.15,SW,103,11,221,11,71.0,122.0,210.0,230.0
9419,50.4167,9.0,SW,83,8,231,5,63.0,100.0,220.0,240.0
9430,49.8667,8.7667,SW,81,4,225,7,71.0,91.0,214.0,232.0
9434,49.7667,8.8833,SW,88,11,220,11,74.0,116.0,207.0,231.0
9435,49.9023,8.8382,SW,81,3,224,3,67.0,91.0,220.0,231.0
9436,49.8667,9.0167,SW,90,6,229,6,79.0,109.0,216.0,244.0
9439,49.8667,8.9333,SW,80,5,227,3,64.0,108.0,221.0,234.0
9450,49.75,9.1,SW,90,3,220,5,83.0,94.0,190.0,236.0
9466,50.2833,8.85,SW,81,10,229,11,56.0,115.0,215.0,247.0
9468,50.3333,8.75,SW,91,11,230,11,80.0,105.0,218.0,254.0
9469,50.2333,8.7667,SW,87,3,223,4,77.0,95.0,207.0,235.0
9470,50.2333,8.8667,SW,75,5,226,5,64.0,84.0,213.0,238.0
9476,50.2667,8.7,SW,83,11,228,9,68.0,109.0,215.0,245.0
9477,50.1833,8.7333,SW,85,10,222,11,56.0,106.0,208.0,240.0
9490,50.5167,8.8167,SW,82,10,244,5,63.0,102.0,223.0,262.0
9497,49.8333,8.4667,SW,70,11,217,11,55.0,83.0,202.0,232.0
9508,50.5667,9.35,SW,107,3,238,6,99.0,114.0,213.0,278.0
9534,50.8167,8.7833,SW,98,3,229,4,89.0,115.0,214.0,248.0
9536,51.1833,10.1167,SW,94,11,233,11,79.0,116.0,224.0,251.0
9537,51.1833,10.05,SW,77,5,236,3,70.0,89.0,230.0,240.0
9540,51.2,10.0667,SW,83,9,229,10,72.0,98.0,217.0,245.0
9542,51.2167,10.0167,SW,92,11,231,11,76.0,116.0,218.0,252.0
9581,50.45,9.9167,SW,105,10,251,9,93.0,116.0,222.0,290.0
9585,50.5833,10.0167,SW,91,3,241,5,88.0,96.0,228.0,256.0
9601,50.6333,9.5167,SW,94,6,235,8,84.0,102.0,225.0,253.0
9619,51.4833,9.25,SW,86,10,234,8,70.0,110.0,223.0,244.0
9620,51.5,9.3833,SW,85,11,233,9,71.0,110.0,219.0,251.0
9646,51.2833,9.6,SW,92,10,235,9,73.0,116.0,215.0,251.0
9649,51.3833,9.5167,SW,104,8,238,4,92.0,113.0,224.0,253.0
9684,51.1,9.5333,SW,92,8,245,7,75.0,118.0,231.0,264.0
9690,50.9667,9.8,SW,89,11,230,11,75.0,112.0,221.0,241.0
9702,50.95,10.0333,SW,103,4,242,4,90.0,119.0,226.0,263.0
9722,51.1333,9.0167,SW,87,3,228,4,63.0,120.0,218.0,240.0
9732,51.4667,9.0167,SW,91,3,233,4,85.0,103.0,228.0,240.0
9734,51.25,9.0,SW,76,3,237,3,70.0,85.0,226.0,259.0
9764,51.45,9.25,SW,80,11,235,11,52.0,105.0,215.0,264.0
9768,51.241,9.2629,SW,97,10,226,11,85.0,114.0,214.0,242.0
11187,48.8667,13.4,SW,103,5,245,6,92.0,111.0,227.0,261.0
9787,50.0833,8.5167,SW,75,3,222,3,63.0,91.0,211.0,235.0
9833,50.15,8.75,SW,77,11,227,11,50.0,100.0,197.0,249.0
9845,50.3167,8.15,SW,83,8,234,9,60.0,97.0,223.0,246.0
9846,50.3833,8.05,SW,81,11,232,8,60.0,110.0,223.0,244.0
9882,50.4,9.6833,SW,100,10,232,7,70.0,120.0,219.0,245.0
1691,51.5003,9.9506,SW,79,11,235,11,67.0,107.0,222.0,256.0
9920,50.6167,8.6333,SW,97,4,222,5,80.0,122.0,208.0,236.0
9923,50.5333,8.5,SW,91,7,231,8,73.0,106.0,220.0,244.0
9928,50.5833,8.55,SW,92,9,226,6,78.0,108.0,213.0,246.0
9935,50.4,6.95,SW,98,4,235,6,93.0,114.0,218.0,246.0
9936,50.4667,7.1,SW,101,5,247,6,87.0,110.0,232.0,265.0
9939,50.5,6.9333,SW,95,10,231,10,65.0,111.0,199.0,249.0
9943,50.5,7.15,SW,100,3,224,4,80.0,114.0,216.0,235.0
9970,49.6833,7.25,SW,82,9,232,10,72.0,91.0,213.0,246.0
9975,49.75,7.3,SW,80,4,236,5,73.0,84.0,227.0,249.0
9986,50.3667,7.5167,SW,80,7,226,8,71.0,92.0,213.0,240.0
9993,49.8833,7.8,SW,83,8,220,6,65.0,96.0,208.0,234.0
10015,50.3333,7.3167,SW,88,9,223,9,79.0,105.0,214.0,242.0
10018,50.5,7.3333,SW,85,5,215,9,68.0,100.0,194.0,235.0
10046,49.9833,7.1333,SW,81,5,228,4,62.0,109.0,216.0,239.0
10058,49.8833,7.0167,SW,90,6,213,4,75.0,108.0,197.0,229.0
10063,49.7333,7.0,SW,101,7,234,6,88.0,109.0,220.0,247.0
10068,50.0167,6.2833,SW,78,6,244,6,67.0,93.0,227.0,263.0
10074,49.9667,6.4167,SW,95,10,226,11,75.0,121.0,213.0,245.0
10076,49.9333,6.6333,SW,101,8,240,9,92.0,120.0,222.0,251.0
10084,50.3,6.7,SW,98,10,241,7,76.0,110.0,230.0,271.0
10090,50.3333,6.5833,SW,96,7,241,7,78.0,109.0,223.0,284.0
10091,50.2833,6.6333,SW,97,11,254,10,65.0,128.0,240.0,267.0
10093,50.2,6.4167,SW,92,10,244,11,74.0,113.0,225.0,265.0
10100,50.2333,6.4667,SW,94,8,241,11,74.0,114.0,218.0,271.0
9876,50.05,8.15,SW,76,10,219,9,58.0,92.0,207.0,232.0
10116,49.6667,6.95,SW,98,9,237,9,87.0,120.0,201.0,273.0
10122,49.8,6.7167,SW,94,10,219,11,76.0,107.0,209.0,231.0
10125,49.7333,6.6833,SW,86,11,223,11,71.0,99.0,210.0,230.0
10130,49.9833,6.8833,SW,79,4,236,4,63.0,94.0,224.0,248.0
10133,49.9833,6.7667,SW,102,10,228,11,82.0,123.0,197.0,248.0
10141,50.6833,7.75,SW,94,3,214,3,69.0,109.0,199.0,230.0
10151,50.1667,7.7333,SW,80,9,238,11,54.0,96.0,217.0,251.0
10153,50.2,7.8667,SW,81,11,236,11,63.0,98.0,222.0,252.0
10155,50.3,7.6,SW,85,4,234,9,66.0,115.0,221.0,248.0
10170,50.4333,7.8333,SW,107,4,224,4,98.0,113.0,208.0,244.0
10172,50.4833,7.7667,SW,99,6,241,6,79.0,111.0,221.0,252.0
10174,50.0167,8.2,SW,74,11,220,9,50.0,87.0,196.0,240.0
10176,49.6333,8.3667,SW,64,10,217,10,49.0,78.0,205.0,236.0
10181,49.8333,8.0167,SW,78,7,221,8,67.0,94.0,213.0,233.0
10182,49.7833,8.2,SW,75,5,226,5,56.0,90.0,211.0,243.0
10184,49.8333,8.05,SW,68,10,219,11,48.0,82.0,203.0,234.0
10185,49.8333,8.1167,SW,69,5,215,6,51.0,86.0,210.0,226.0
10187,49.9167,8.1333,SW,69,9,215,6,36.0,82.0,200.0,229.0
10189,49.9333,8.1,SW,84,11,226,11,73.0,100.0,213.0,244.0
10190,49.8667,8.0,SW,84,7,205,6,68.0,95.0,186.0,233.0
10195,49.9,8.2,SW,79,3,220,4,75.0,88.0,213.0,230.0
10198,49.7,8.2,SW,74,5,217,4,60.0,86.0,205.0,229.0
10213,49.1,8.0,SW,81,4,220,4,75.0,85.0,214.0,233.0
10218,49.5833,8.1667,SW,75,9,209,9,54.0,95.0,195.0,228.0
10220,49.5667,8.25,SW,66,11,214,11,53.0,81.0,203.0,229.0
10223,49.1167,8.1833,SW,70,10,215,9,53.0,83.0,206.0,228.0
10231,49.4,7.4667,SW,84,3,235,3,78.0,92.0,234.0,237.0
10236,49.4667,7.5667,SW,91,11,227,11,72.0,120.0,215.0,245.0
10238,49.5,7.7667,SW,91,3,227,3,83.0,98.0,217.0,244.0
10242,49.65,8.1,SW,67,6,217,8,43.0,81.0,192.0,234.0
10251,49.5167,7.5833,SW,91,10,238,8,74.0,120.0,222.0,260.0
10253,49.4,7.4333,SW,93,7,232,8,78.0,106.0,223.0,240.0
10267,49.3833,8.3,SW,74,6,220,6,62.0,85.0,206.0,235.0
10269,49.4167,8.4,SW,70,11,214,11,53.0,79.0,204.0,229.0
10285,49.2167,7.5667,SW,91,5,237,4,85.0,104.0,232.0,248.0
10290,49.0833,7.8,SW,93,9,238,10,76.0,109.0,228.0,251.0
10291,49.2167,7.5,SW,76,5,226,4,59.0,92.0,220.0,234.0
10292,49.35,7.7,SW,79,8,235,7,62.0,104.0,224.0,247.0
10294,49.7333,7.8167,SW,88,10,229,10,74.0,104.0,220.0,238.0
10299,49.6333,7.9,SW,87,11,222,10,67.0,105.0,207.0,237.0
10303,49.3,8.35,SW,80,11,213,11,65.0,95.0,202.0,231.0
10308,49.25,7.4333,SW,90,6,226,5,60.0,127.0,213.0,235.0
10311,49.2833,7.4333,SW,85,9,227,7,62.0,105.0,197.0,245.0
10313,49.2167,7.3667,SW,88,8,234,11,65.0,116.0,214.0,260.0
10314,49.2333,7.3167,SW,64,4,246,4,60.0,69.0,242.0,253.0
10322,48.4,9.9833,SW,83,11,231,11,69.0,96.0,216.0,248.0
10323,48.8442,10.0865,SW,90,11,235,10,72.0,110.0,217.0,248.0
10326,49.0167,10.2167,SW,87,11,233,11,60.0,102.0,216.0,248.0
10338,48.9333,9.3667,SW,77,11,223,11,57.0,96.0,212.0,235.0
10341,48.9833,9.3667,SW,83,6,228,8,68.0,98.0,210.0,262.0
10349,48.5167,8.8333,SW,82,11,232,11,69.0,101.0,220.0,246.0
10350,48.6,8.8667,SW,78,11,237,10,57.0,97.0,225.0,247.0
10352,48.7333,8.9667,SW,90,9,228,10,74.0,111.0,221.0,241.0
10356,49.1333,10.0833,SW,92,10,242,10,70.0,109.0,227.0,264.0
10361,49.0833,9.9833,SW,87,11,230,11,72.0,107.0,218.0,244.0
10367,49.1333,10.1833,SW,84,4,241,4,59.0,111.0,228.0,251.0
10372,48.7167,9.4167,SW,84,6,226,6,67.0,94.0,219.0,235.0
10373,48.7244,9.2468,SW,81,11,227,11,37.0,108.0,213.0,234.0
10376,48.7333,9.3667,SW,73,8,223,3,40.0,94.0,209.0,235.0
10382,48.6833,9.5167,SW,81,11,232,11,64.0,99.0,222.0,241.0
10385,48.6,10.1333,SW,93,5,243,5,81.0,110.0,225.0,258.0
10387,48.6333,10.0167,SW,94,11,251,11,74.0,114.0,240.0,260.0
10388,48.6167,10.25,SW,80,5,249,4,74.0,101.0,239.0,258.0
10389,48.6833,10.1667,SW,97,5,253,4,93.0,103.0,243.0,268.0
10391,48.6833,10.0667,SW,103,5,234,4,84.0,115.0,219.0,266.0
10396,49.2167,9.1,SW,87,10,223,11,74.0,103.0,209.0,234.0
10397,49.2333,9.3833,SW,75,4,226,3,63.0,85.0,213.0,235.0
10403,49.0833,9.1,SW,82,10,224,11,64.0,100.0,211.0,236.0
10405,49.2667,9.4,SW,75,8,230,9,38.0,95.0,216.0,245.0
10406,49.0833,9.15,SW,77,11,222,11,62.0,95.0,212.0,232.0
10409,49.15,9.0667,SW,81,8,225,7,69.0,98.0,201.0,239.0
10411,49.3167,9.4167,SW,87,7,228,8,76.0,104.0,214.0,242.0
10412,49.15,9.3667,SW,70,3,229,4,67.0,72.0,223.0,235.0
10418,49.3167,9.7333,SW,85,4,231,3,73.0,94.0,224.0,240.0
10419,49.3,9.65,SW,86,11,221,11,73.0,106.0,210.0,238.0
10421,48.8167,8.8667,SW,81,10,235,8,68.0,97.0,222.0,248.0
10423,48.8333,9.1167,SW,77,11,231,11,55.0,97.0,216.0,244.0
10424,48.8,9.0167,SW,73,6,226,7,68.0,78.0,212.0,240.0
10427,48.7667,8.9333,SW,80,11,231,11,49.0,106.0,205.0,252.0
10430,49.0,9.1333,SW,78,11,216,11,67.0,94.0,206.0,234.0
10431,48.9667,9.1333,SW,72,9,225,9,55.0,94.0,217.0,235.0
10432,49.05,9.1,SW,71,4,222,4,64.0,76.0,218.0,230.0
10437,48.9,9.1833,SW,72,10,226,11,53.0,95.0,214.0,237.0
10439,48.9,9.0833,SW,73,11,224,11,59.0,95.0,210.0,240.0
10441,49.4667,10.0333,SW,91,11,229,11,71.0,115.0,218.0,242.0
10442,49.5167,9.75,SW,83,9,230,9,60.0,114.0,214.0,245.0
10445,49.5333,9.85,SW,74,4,224,4,63.0,84.0,214.0,238.0
10449,49.4833,9.7667,SW,82,11,223,11,65.0,98.0,212.0,245.0
10450,49.5333,9.9,SW,77,7,225,5,62.0,102.0,221.0,230.0
10451,49.4833,10.0,SW,78,7,230,10,69.0,97.0,216.0,244.0
2261,50.3122,11.8761,SW,102,5,238,5,91.0,112.0,224.0,263.0
10458,48.65,9.4667,SW,76,4,228,5,64.0,87.0,222.0,237.0
10459,48.55,9.3833,SW,90,10,228,11,79.0,99.0,221.0,238.0
10463,48.6167,9.5333,SW,76,11,227,11,38.0,109.0,220.0,235.0
10465,49.2833,9.5667,SW,83,5,217,6,74.0,100.0,210.0,225.0
10467,49.2333,9.6333,SW,82,11,232,11,70.0,95.0,220.0,242.0
10471,49.2,9.5,SW,84,9,224,5,59.0,95.0,215.0,232.0
10474,48.8,9.9333,SW,93,10,232,11,68.0,105.0,215.0,251.0
10478,48.7833,9.8,SW,95,3,234,4,92.0,98.0,225.0,247.0
10487,49.0833,9.8833,SW,97,9,237,11,82.0,118.0,215.0,255.0
10489,48.5833,10.0333,SW,89,10,242,11,73.0,111.0,224.0,264.0
10491,48.5,10.1167,SW,79,9,234,8,51.0,95.0,222.0,245.0
10496,49.0667,8.8,SW,85,10,223,11,72.0,102.0,206.0,236.0
10504,48.9333,8.95,SW,76,3,220,3,71.0,82.0,209.0,226.0
10508,48.8,9.6,SW,92,10,227,10,77.0,110.0,214.0,240.0
10509,48.8,9.4,SW,72,11,224,11,36.0,97.0,213.0,236.0
10511,48.8833,9.35,SW,76,7,223,8,60.0,93.0,211.0,234.0
10512,48.8333,9.3167,SW,77,11,218,11,62.0,97.0,203.0,232.0
10525,49.1333,8.5833,SW,89,9,220,8,76.0,112.0,203.0,236.0
10526,49.1,8.65,SW,77,9,219,9,61.0,95.0,205.0,229.0
10532,49.1833,8.75,SW,79,11,213,11,56.0,97.0,192.0,223.0
10537,49.1833,8.6833,SW,75,11,220,11,63.0,96.0,207.0,239.0
10538,49.4,9.4,SW,93,11,223,11,73.0,109.0,212.0,238.0
10539,49.5167,9.4333,SW,85,7,233,7,64.0,98.0,224.0,248.0
10541,49.5333,9.55,SW,83,4,229,3,76.0,89.0,224.0,239.0
10542,49.5333,9.3167,SW,89,8,236,8,73.0,104.0,225.0,247.0
10549,49.4667,9.5833,SW,88,4,234,4,63.0,99.0,221.0,243.0
10554,49.2833,8.7333,SW,84,10,220,10,64.0,99.0,214.0,232.0
10556,49.3333,8.75,SW,85,4,216,6,80.0,92.0,200.0,228.0
10561,49.3833,8.8,SW,79,11,224,11,58.0,97.0,209.0,238.0
10565,49.3833,8.8833,SW,81,4,230,5,73.0,91.0,218.0,245.0
10568,49.0667,8.4667,SW,79,9,216,7,60.0,95.0,208.0,232.0
10572,49.0833,8.3833,SW,77,11,212,10,60.0,95.0,190.0,230.0
10576,49.0167,8.5,SW,75,6,219,8,56.0,90.0,200.0,233.0
10577,49.1167,8.4167,SW,72,11,218,11,52.0,95.0,208.0,229.0
10578,48.9667,8.3,SW,80,11,218,11,70.0,90.0,208.0,229.0
10579,48.95,8.5333,SW,75,7,227,7,66.0,87.0,215.0,238.0
10580,48.9833,8.5333,SW,78,11,224,11,64.0,97.0,211.0,236.0
10582,49.0167,8.6,SW,74,6,225,6,63.0,85.0,214.0,235.0
10584,49.5167,8.6,SW,75,10,214,7,63.0,87.0,209.0,222.0
10587,49.4667,8.6167,SW,75,10,219,11,56.0,95.0,207.0,235.0
10588,49.6167,8.65,SW,73,6,217,7,68.0,80.0,207.0,229.0
10592,49.3833,8.5667,SW,79,10,215,11,60.0,96.0,196.0,231.0
10599,49.3,9.2833,SW,85,5,222,6,77.0,92.0,213.0,236.0
10600,49.4167,9.2833,SW,82,11,227,11,54.0,98.0,217.0,241.0
10604,49.4667,9.05,SW,107,8,234,8,92.0,121.0,225.0,247.0
10605,48.95,8.6167,SW,81,4,226,6,73.0,91.0,214.0,238.0
10609,48.8833,8.55,SW,76,9,223,7,38.0,93.0,214.0,235.0
10610,48.95,8.5833,SW,83,5,224,6,74.0,92.0,218.0,232.0
10612,49.1833,8.9833,SW,85,11,227,11,66.0,98.0,216.0,239.0
10613,49.25,8.9833,SW,71,4,228,3,66.0,80.0,228.0,229.0
10614,49.1833,8.8167,SW,81,11,224,11,59.0,102.0,209.0,235.0
10616,49.3333,8.9167,SW,97,10,224,11,79.0,115.0,213.0,234.0
10618,49.2333,9.0,SW,84,8,230,7,69.0,99.0,215.0,240.0
10621,49.2167,9.0,SW,75,5,227,4,54.0,97.0,217.0,234.0
10628,49.2167,8.9167,SW,81,5,231,5,70.0,89.0,224.0,239.0
10631,49.1,8.85,SW,80,10,218,11,70.0,96.0,206.0,230.0
10632,49.4833,9.65,SW,79,10,230,10,53.0,97.0,216.0,246.0
10638,49.65,9.6667,SW,76,8,226,8,66.0,92.0,210.0,238.0
10641,49.6167,9.6667,SW,83,9,229,9,65.0,99.0,213.0,238.0
10645,49.75,9.4833,SW,84,11,231,10,70.0,101.0,220.0,241.0
10647,47.9833,7.9,SW,103,7,224,3,77.0,115.0,211.0,243.0
10651,48.7,8.1333,SW,79,11,213,11,67.0,96.0,200.0,230.0
10652,48.7167,8.1667,SW,76,11,219,11,67.0,96.0,208.0,232.0
10656,48.7333,8.0667,SW,81,7,220,7,69.0,93.0,209.0,231.0
10658,47.9,8.4333,SW,102,5,245,7,91.0,118.0,225.0,274.0
10659,47.95,8.5,SW,94,11,250,11,72.0,122.0,233.0,267.0
10663,47.9,8.5,SW,91,11,251,11,67.0,116.0,232.0,272.0
10667,48.1333,7.7333,SW,71,9,222,9,62.0,79.0,211.0,234.0
10669,48.1167,8.0,SW,93,5,227,5,83.0,105.0,218.0,239.0
10670,48.0667,7.8833,SW,87,7,228,6,74.0,99.0,223.0,232.0
10677,48.1333,7.8,SW,73,7,220,7,65.0,83.0,208.0,230.0
10683,48.0167,7.6833,SW,74,10,219,10,55.0,89.0,208.0,237.0
10689,48.4667,7.8167,SW,72,11,220,11,54.0,97.0,209.0,231.0
10693,48.5833,7.8167,SW,79,9,219,8,63.0,101.0,205.0,235.0
10695,47.7167,9.0667,SW,68,7,223,6,46.0,85.0,210.0,232.0
10699,47.7667,8.7833,SW,95,5,228,4,78.0,120.0,216.0,239.0
10700,47.7333,9.0667,SW,77,9,227,11,64.0,96.0,214.0,244.0
10708,48.3333,7.8833,SW,84,9,217,11,71.0,109.0,207.0,227.0
10709,48.2833,7.8167,SW,77,11,217,7,59.0,95.0,194.0,233.0
10711,48.25,7.7833,SW,71,10,221,9,52.0,95.0,205.0,230.0
10712,48.2833,7.7333,SW,74,10,212,10,51.0,98.0,204.0,227.0
10725,47.6,7.6333,SW,72,7,223,7,57.0,84.0,208.0,238.0
10728,47.7167,7.55,SW,81,3,230,3,80.0,84.0,225.0,238.0
10729,47.8667,7.6,SW,73,11,214,11,64.0,92.0,205.0,226.0
10731,47.8167,7.6333,SW,75,6,220,4,60.0,88.0,216.0,227.0
10739,47.75,8.1667,SW,127,4,249,7,122.0,136.0,234.0,265.0
10750,48.5167,8.1167,SW,90,8,218,8,80.0,106.0,205.0,234.0
10751,48.5333,8.0833,SW,75,11,220,11,51.0,98.0,203.0,237.0
10752,48.4667,7.95,SW,75,11,217,10,51.0,97.0,205.0,234.0
10776,48.0,9.1167,SW,90,8,246,7,61.0,125.0,237.0,264.0
10778,47.75,9.5333,SW,88,6,232,6,75.0,106.0,224.0,242.0
10786,47.7667,9.3167,SW,81,11,231,11,62.0,99.0,211.0,258.0
10789,47.7667,9.1667,SW,87,11,222,11,65.0,118.0,200.0,244.0
10796,48.0667,8.4667,SW,95,11,256,11,71.0,122.0,241.0,270.0
10797,47.6,8.1333,SW,96,6,221,7,78.0,112.0,207.0,235.0
10799,47.6833,8.1667,SW,89,4,245,3,82.0,98.0,230.0,253.0
10802,47.7167,8.4333,SW,86,7,230,6,74.0,97.0,220.0,242.0
10804,47.6167,8.3167,SW,81,9,218,10,65.0,98.0,206.0,234.0
10816,48.2833,8.85,SW,93,5,243,5,83.0,106.0,227.0,257.0
10821,48.2,8.8833,SW,101,10,258,8,87.0,116.0,239.0,278.0
10824,48.2,9.7667,SW,82,11,238,11,55.0,97.0,227.0,247.0
10826,48.0667,9.95,SW,87,11,246,11,70.0,104.0,231.0,265.0
10827,48.2167,9.95,SW,80,3,244,3,76.0,85.0,237.0,250.0
10829,48.0333,10.05,SW,104,5,246,6,94.0,111.0,238.0,265.0
10830,48.0167,9.65,SW,80,6,239,6,70.0,89.0,230.0,249.0
10836,48.65,8.7833,SW,83,10,245,10,59.0,110.0,237.0,260.0
10841,48.7333,8.8,SW,93,10,235,10,73.0,108.0,225.0,247.0
10848,48.2833,9.7167,SW,79,10,237,11,65.0,90.0,221.0,253.0
10851,48.35,9.8167,SW,95,6,231,5,81.0,118.0,214.0,245.0
10858,48.4667,8.4333,SW,97,7,250,6,84.0,125.0,233.0,264.0
10860,48.5333,8.5667,SW,85,6,251,8,65.0,104.0,243.0,270.0
10866,48.3833,8.8833,SW,98,6,227,6,83.0,107.0,220.0,236.0
10869,48.45,8.6833,SW,83,8,243,7,47.0,106.0,227.0,262.0
10870,48.3667,8.6333,SW,84,5,238,5,74.0,92.0,227.0,245.0
10880,47.9333,9.6333,SW,83,11,237,11,70.0,97.0,221.0,258.0
10881,47.8333,9.65,SW,87,9,226,10,69.0,115.0,213.0,239.0
10885,47.8,9.55,SW,82,11,235,11,65.0,96.0,225.0,248.0
10886,47.7667,9.5333,SW,70,4,230,3,59.0,84.0,221.0,238.0
10887,47.9333,9.75,SW,92,11,237,11,68.0,109.0,225.0,252.0
10905,48.0667,8.5333,SW,90,8,244,6,65.0,123.0,227.0,261.0
10907,48.0833,9.3667,SW,87,4,243,4,83.0,90.0,234.0,251.0
10910,47.9,9.5167,SW,94,8,231,8,77.0,105.0,224.0,242.0
10914,48.0167,9.5,SW,90,9,235,6,71.0,124.0,222.0,268.0
10918,48.1833,9.2833,SW,94,11,251,11,74.0,108.0,237.0,274.0
10919,48.0667,9.1833,SW,91,7,248,9,73.0,106.0,234.0,267.0
10920,48.0167,9.25,SW,87,11,245,11,68.0,104.0,232.0,271.0
10925,48.1833,9.2167,SW,92,11,249,11,73.0,108.0,235.0,264.0
10929,48.45,9.0667,SW,83,9,236,9,70.0,101.0,221.0,262.0
10932,48.4167,9.05,SW,72,5,228,5,40.0,92.0,221.0,233.0
10935,48.4667,8.9333,SW,74,11,230,11,47.0,97.0,220.0,240.0
10937,48.5333,9.05,SW,81,10,215,9,70.0,95.0,204.0,228.0
10938,48.5833,9.2,SW,84,11,229,10,69.0,101.0,220.0,241.0
10940,48.0667,8.75,SW,91,11,246,10,71.0,123.0,233.0,255.0
10942,47.9835,8.8358,SW,87,10,251,11,60.0,104.0,239.0,270.0
10952,48.4,11.75,SW,86,9,228,9,73.0,98.0,214.0,254.0
10954,48.05,10.8833,SW,85,10,243,10,62.0,108.0,228.0,264.0
10964,48.4667,11.1333,SW,91,4,234,6,71.0,105.0,214.0,255.0
10968,48.5833,11.0833,SW,88,11,227,11,77.0,104.0,218.0,244.0
10969,48.4,11.2,SW,83,11,233,11,70.0,96.0,220.0,245.0
10970,48.2333,12.6833,SW,84,11,237,10,67.0,113.0,219.0,267.0
10976,48.2667,12.65,SW,90,10,223,10,77.0,105.0,202.0,232.0
10983,47.85,12.0667,SW,81,4,231,5,64.0,98.0,227.0,243.0
10994,48.3,11.3833,SW,84,7,236,9,70.0,101.0,210.0,255.0
10996,48.3833,11.4167,SW,85,11,236,11,70.0,100.0,223.0,261.0
11002,48.2,11.8667,SW,84,11,231,11,66.0,104.0,222.0,243.0
11003,48.0333,11.9,SW,86,11,230,11,66.0,99.0,214.0,250.0
11004,48.05,11.95,SW,95,4,232,3,92.0,98.0,223.0,244.0
11006,48.0833,11.8167,SW,84,11,226,10,71.0,99.0,215.0,244.0
11008,48.2833,12.15,SW,85,11,227,7,69.0,100.0,218.0,240.0
11009,48.3167,11.9167,SW,83,11,233,8,69.0,106.0,222.0,242.0
11010,48.2833,11.8333,SW,88,8,228,4,69.0,111.0,220.0,232.0
11012,48.3833,12.1833,SW,85,4,224,7,74.0,94.0,218.0,237.0
11014,48.2833,11.6833,SW,84,11,213,11,67.0,96.0,204.0,228.0
11030,48.8167,11.4667,SW,85,11,223,11,66.0,100.0,207.0,235.0
11032,48.7833,11.6,SW,77,9,221,8,59.0,98.0,198.0,237.0
11034,48.65,11.4667,SW,78,4,217,4,73.0,82.0,210.0,230.0
11055,48.0667,12.7667,SW,87,11,222,11,72.0,112.0,210.0,238.0
11071,48.35,12.45,SW,91,11,232,8,72.0,106.0,223.0,246.0
11081,48.6833,11.6167,SW,88,10,223,11,54.0,100.0,212.0,234.0
11087,48.6,11.6333,SW,82,8,226,8,70.0,98.0,211.0,235.0
11088,47.75,12.1167,SW,89,3,230,6,82.0,102.0,215.0,244.0
11095,47.7333,10.7833,SW,85,3,230,3,73.0,98.0,230.0,232.0
11096,47.85,10.9,SW,97,9,241,10,82.0,114.0,230.0,270.0
11099,47.8167,10.9,SW,102,10,257,10,90.0,115.0,243.0,275.0
11100,48.45,11.35,SW,82,11,237,7,60.0,100.0,228.0,248.0
11101,48.6333,11.3167,SW,83,11,229,11,69.0,98.0,220.0,243.0
11105,48.5333,11.2333,SW,83,10,229,10,70.0,105.0,213.0,236.0
11107,48.5833,11.4333,SW,105,4,220,5,102.0,110.0,207.0,231.0
11113,48.0,11.3333,SW,81,7,234,7,69.0,93.0,227.0,248.0
11121,47.85,12.5667,SW,92,9,237,9,82.0,104.0,220.0,250.0
11123,47.9833,12.4,SW,89,5,236,3,74.0,100.0,227.0,245.0
11127,47.8167,12.65,SW,95,7,231,7,80.0,109.0,223.0,241.0
11128,47.9167,12.5333,SW,97,7,225,6,79.0,107.0,208.0,234.0
11129,48.0833,12.5667,SW,81,6,222,6,73.0,93.0,201.0,234.0
11131,48.0333,12.55,SW,86,10,231,10,64.0,107.0,209.0,241.0
11142,47.7667,11.1667,SW,93,10,231,10,72.0,109.0,208.0,252.0
11143,47.7667,11.3167,SW,90,6,240,9,73.0,107.0,224.0,251.0
11152,47.8667,11.15,SW,100,3,217,4,79.0,119.0,214.0,221.0
11153,47.8333,11.15,SW,90,3,239,4,73.0,108.0,234.0,246.0
11154,47.8833,11.0333,SW,90,6,240,6,70.0,105.0,228.0,255.0
11159,47.9667,11.65,SW,88,9,237,8,74.0,102.0,227.0,251.0
11163,48.8833,12.6,SW,82,11,223,11,56.0,102.0,210.0,236.0
11164,49.0,12.6333,SW,94,8,225,10,78.0,108.0,215.0,235.0
11167,48.9833,12.6833,SW,97,6,228,8,83.0,109.0,221.0,241.0
11170,49.0667,12.6167,SW,96,10,230,11,76.0,108.0,211.0,247.0
11172,48.85,13.15,SW,96,11,232,11,79.0,109.0,218.0,260.0
11173,48.7833,12.8667,SW,85,11,227,11,65.0,108.0,212.0,235.0
11174,48.8167,12.8,SW,84,11,225,11,66.0,105.0,216.0,232.0
11177,48.65,12.5667,SW,91,10,227,10,82.0,103.0,212.0,239.0
11179,48.4167,12.7667,SW,80,6,221,4,73.0,93.0,204.0,235.0
11181,48.4333,12.5667,SW,87,9,239,8,71.0,97.0,223.0,254.0
11191,48.8667,13.4667,SW,116,7,238,10,106.0,123.0,219.0,264.0
11193,48.85,13.3333,SW,98,10,237,11,83.0,110.0,226.0,250.0
11195,48.4167,13.15,SW,90,5,231,4,81.0,96.0,222.0,236.0
11197,48.45,13.1833,SW,89,10,225,10,74.0,107.0,210.0,236.0
11199,48.4167,13.2167,SW,84,8,227,8,57.0,106.0,212.0,240.0
11201,48.4333,13.4,SW,86,6,233,3,66.0,105.0,233.0,235.0
11204,48.4667,13.2333,SW,89,9,222,9,72.0,107.0,205.0,236.0
11208,48.9333,11.8667,SW,92,4,220,3,79.0,111.0,207.0,228.0
11209,48.8167,11.7667,SW,92,8,226,8,84.0,106.0,214.0,237.0
11210,48.75,11.85,SW,78,7,229,6,65.0,95.0,219.0,239.0
11211,48.9,12.0167,SW,84,4,224,3,80.0,89.0,213.0,242.0
11213,49.3,12.9167,SW,99,4,235,4,91.0,108.0,214.0,256.0
11214,49.1333,12.7333,SW,93,11,231,11,75.0,111.0,220.0,247.0
11218,48.6667,12.7,SW,82,11,230,11,58.0,104.0,222.0,239.0
11219,48.7333,12.75,SW,77,9,221,10,63.0,98.0,208.0,236.0
11220,48.5833,12.1833,SW,83,11,230,11,64.0,96.0,220.0,243.0
11222,48.6333,12.35,SW,79,9,225,9,61.0,89.0,216.0,236.0
11228,48.7333,12.3,SW,91,4,232,4,70.0,104.0,220.0,251.0
11232,48.7333,12.25,SW,79,7,230,7,59.0,93.0,220.0,235.0
11243,48.3,13.15,SW,86,11,224,11,65.0,104.0,209.0,236.0
11246,48.3333,13.1167,SW,84,7,219,7,74.0,93.0,207.0,233.0
11251,48.9333,13.2,SW,103,9,235,6,95.0,111.0,225.0,250.0
11254,48.9667,13.1333,SW,96,11,232,11,81.0,110.0,222.0,243.0
11257,48.8167,12.05,SW,89,10,229,11,69.0,110.0,205.0,248.0
11261,48.85,12.7667,SW,88,10,227,11,76.0,102.0,216.0,240.0
11262,48.7667,12.5167,SW,100,4,208,4,90.0,115.0,190.0,230.0
11263,48.9167,12.6,SW,90,10,229,10,74.0,106.0,214.0,239.0
11265,48.9833,12.9833,SW,94,10,235,11,79.0,109.0,225.0,246.0
11266,49.0833,12.8833,SW,91,11,235,10,76.0,108.0,224.0,244.0
11268,48.3833,12.3167,SW,98,11,224,11,72.0,118.0,210.0,234.0
11271,48.4667,12.5667,SW,103,3,234,3,98.0,106.0,224.0,250.0
11276,48.55,13.2333,SW,74,3,224,3,59.0,88.0,215.0,234.0
11282,48.65,13.6333,SW,93,10,223,6,79.0,106.0,216.0,231.0
11283,48.55,13.65,SW,90,9,232,9,76.0,108.0,222.0,240.0
11286,48.6,13.75,SW,100,11,241,10,79.0,115.0,225.0,271.0
11292,48.75,13.8167,SW,107,10,245,10,90.0,115.0,228.0,267.0
11294,48.7833,13.45,SW,95,11,228,11,80.0,108.0,213.0,240.0
11295,48.75,13.5167,SW,94,11,231,11,77.0,120.0,218.0,247.0
11296,48.75,13.75,SW,100,4,238,4,80.0,118.0,225.0,257.0
11297,48.75,13.8,SW,110,6,249,5,94.0,123.0,236.0,276.0
11298,48.8667,13.5167,SW,107,10,243,9,89.0,118.0,225.0,267.0
11299,48.7333,13.4833,SW,90,6,225,10,77.0,110.0,209.0,237.0
11300,49.45,11.8667,SW,106,11,223,10,93.0,117.0,211.0,232.0
11305,49.3333,12.1167,SW,96,11,227,11,77.0,111.0,213.0,242.0
11309,49.5333,11.8,SW,92,8,238,10,76.0,114.0,219.0,262.0
11314,49.6,11.75,SW,101,8,234,9,90.0,117.0,223.0,252.0
11317,49.6167,11.8167,SW,96,11,232,11,66.0,114.0,216.0,246.0
11320,49.0333,11.4833,SW,87,9,235,9,65.0,100.0,220.0,259.0
11321,49.1167,11.45,SW,91,11,217,10,63.0,107.0,196.0,244.0
11324,49.0167,11.5,SW,91,8,229,8,70.0,108.0,221.0,238.0
11325,49.2,12.0333,SW,98,8,223,8,84.0,108.0,208.0,239.0
11326,49.1667,11.9667,SW,88,10,223,11,62.0,108.0,204.0,242.0
11331,49.2167,12.6667,SW,81,3,232,3,76.0,85.0,222.0,246.0
11333,49.3167,12.85,SW,101,7,234,7,92.0,110.0,213.0,249.0
11337,49.2667,12.6667,SW,110,4,226,3,95.0,122.0,217.0,239.0
11338,49.7,11.6333,SW,102,5,230,5,90.0,117.0,219.0,246.0
11339,49.7333,11.9,SW,94,10,235,10,82.0,112.0,226.0,248.0
11341,49.75,11.7333,SW,95,11,232,11,76.0,116.0,225.0,244.0
11343,49.3833,11.65,SW,94,7,235,7,78.0,109.0,232.0,240.0
11344,49.8667,11.9,SW,102,11,241,10,76.0,114.0,230.0,263.0
11345,49.95,12.0333,SW,97,7,244,9,81.0,108.0,230.0,264.0
11352,49.1667,11.45,SW,89,7,231,6,80.0,98.0,219.0,243.0
11358,49.35,12.35,SW,93,7,250,6,78.0,111.0,220.0,270.0
11362,49.5833,12.15,SW,98,11,235,11,83.0,114.0,221.0,255.0
11365,49.7667,12.1,SW,95,11,236,11,78.0,108.0,223.0,261.0
11366,49.5167,12.5667,SW,94,4,242,4,81.0,106.0,233.0,258.0
11370,49.5167,12.55,SW,108,4,242,3,100.0,115.0,238.0,247.0
11374,49.4833,12.3833,SW,98,11,222,9,81.0,109.0,192.0,237.0
11377,49.1,11.8167,SW,86,10,244,11,69.0,100.0,219.0,264.0
11384,49.2167,11.7667,SW,87,6,242,11,81.0,98.0,223.0,264.0
11385,49.0667,11.8833,SW,98,5,227,8,86.0,115.0,219.0,239.0
11387,49.1667,11.7167,SW,84,11,239,4,69.0,97.0,223.0,262.0
11389,49.0,12.2,SW,81,6,226,7,73.0,95.0,217.0,237.0
11396,49.0167,11.9333,SW,92,9,232,9,68.0,111.0,212.0,248.0
11398,48.9667,12.1667,SW,79,8,228,8,59.0,96.0,211.0,240.0
11400,49.0667,12.0167,SW,86,10,231,11,68.0,104.0,213.0,242.0
11403,48.9167,12.4333,SW,80,4,220,5,74.0,89.0,213.0,229.0
11405,49.0333,12.25,SW,91,9,222,11,78.0,108.0,208.0,238.0
11407,49.15,12.2833,SW,91,11,236,11,73.0,108.0,227.0,250.0
11411,48.9,11.6167,SW,84,11,232,11,72.0,97.0,216.0,254.0
11415,49.2167,12.5167,SW,96,11,226,11,86.0,109.0,216.0,240.0
11422,49.4667,11.6,SW,105,5,246,5,99.0,109.0,228.0,263.0
11426,49.4167,11.65,SW,100,11,239,11,86.0,114.0,230.0,255.0
11433,49.7833,12.3167,SW,100,10,249,9,81.0,112.0,236.0,267.0
11436,49.8833,12.3333,SW,105,10,245,9,93.0,115.0,230.0,264.0
11440,49.9167,12.3833,SW,104,11,242,9,83.0,114.0,231.0,255.0
11441,49.5667,12.35,SW,97,10,242,8,78.0,110.0,235.0,259.0
11444,49.6333,12.2667,SW,96,11,240,11,80.0,113.0,230.0,258.0
11447,49.65,12.2667,SW,97,11,237,11,78.0,112.0,212.0,265.0
11448,49.55,12.4167,SW,112,10,241,11,93.0,128.0,224.0,264.0
11449,49.6167,12.35,SW,98,10,236,11,84.0,107.0,200.0,262.0
11452,49.4333,12.5833,SW,99,11,239,11,82.0,110.0,224.0,262.0
11454,49.95,11.5667,SW,93,11,250,10,77.0,113.0,243.0,258.0
11456,50.2667,10.9667,SW,77,4,241,4,59.0,90.0,229.0,259.0
11457,49.7167,11.0667,SW,97,9,223,10,79.0,112.0,216.0,233.0
11458,50.3167,11.9167,SW,99,9,243,10,76.0,119.0,226.0,273.0
11459,50.0,12.0833,SW,105,6,254,4,96.0,112.0,236.0,270.0
11461,50.1667,12.1333,SW,123,4,252,4,116.0,132.0,238.0,274.0
11465,49.8333,10.75,SW,86,3,229,3,79.0,97.0,228.0,232.0
11466,49.9333,10.85,SW,87,9,221,11,75.0,108.0,210.0,233.0
11471,49.8167,11.0,SW,76,5,227,3,73.0,81.0,224.0,234.0
11472,49.9167,11.0167,SW,92,5,229,3,80.0,120.0,222.0,234.0
11477,49.7833,10.7,SW,92,10,231,10,82.0,103.0,217.0,252.0
11482,49.9667,11.0,SW,83,11,229,10,68.0,107.0,219.0,240.0
11486,49.9333,11.6167,SW,99,8,230,6,85.0,119.0,213.0,251.0
11487,50.05,11.6667,SW,109,9,234,10,100.0,119.0,220.0,253.0
11498,49.9,11.5833,SW,94,4,229,4,79.0,118.0,221.0,241.0
11508,50.2667,11.15,SW,92,11,232,11,78.0,113.0,210.0,256.0
11509,50.2167,11.1333,SW,94,11,231,11,79.0,113.0,208.0,257.0
11510,50.3333,11.1,SW,105,11,243,11,90.0,112.0,226.0,269.0
11515,49.7833,11.1833,SW,96,9,219,9,81.0,109.0,214.0,229.0
11518,49.95,11.1667,SW,99,9,249,9,85.0,115.0,229.0,265.0
11528,49.7,10.8167,SW,90,6,229,7,81.0,104.0,214.0,244.0
11533,50.2667,11.85,SW,95,11,252,11,76.0,108.0,239.0,274.0
11534,50.2667,11.9333,SW,99,7,259,5,74.0,117.0,243.0,276.0
11535,50.3833,11.8833,SW,103,10,241,11,88.0,114.0,228.0,285.0
11537,50.25,11.4,SW,81,4,222,4,77.0,85.0,214.0,230.0
11538,50.25,11.3333,SW,98,9,229,10,87.0,115.0,220.0,246.0
11543,50.3667,11.5167,SW,99,9,248,9,83.0,108.0,231.0,274.0
11544,50.2833,11.55,SW,105,5,230,4,96.0,114.0,223.0,248.0
11545,50.4721,11.2788,SW,111,6,260,5,105.0,121.0,241.0,280.0
11546,50.4,11.3833,SW,103,11,238,9,92.0,122.0,232.0,248.0
11552,50.05,11.4,SW,101,3,242,6,84.0,115.0,232.0,256.0
11556,50.1,11.65,SW,104,5,247,3,87.0,120.0,224.0,264.0
11562,50.1333,11.25,SW,99,7,227,7,78.0,112.0,213.0,259.0
11570,50.0667,11.2667,SW,91,5,238,4,82.0,96.0,226.0,244.0
11571,50.1167,11.15,SW,92,6,244,6,81.0,112.0,234.0,260.0
11575,50.0833,11.2333,SW,97,4,227,3,81.0,109.0,227.0,228.0
11576,50.2333,11.7167,SW,105,3,253,3,91.0,115.0,236.0,263.0
11577,50.25,11.7,SW,98,9,241,9,80.0,109.0,219.0,264.0
11578,50.2,11.7833,SW,117,4,244,6,115.0,119.0,219.0,261.0
11581,50.3833,11.6167,SW,99,10,252,10,78.0,111.0,232.0,278.0
11583,50.3667,11.6,SW,98,11,247,11,78.0,113.0,231.0,273.0
11584,50.2833,11.7333,SW,103,9,256,7,89.0,117.0,233.0,271.0
11586,50.3167,11.75,SW,92,11,253,11,69.0,109.0,230.0,298.0
11589,49.7667,11.55,SW,94,4,230,4,78.0,106.0,218.0,247.0
11593,49.6667,11.4667,SW,105,5,231,5,98.0,111.0,222.0,243.0
11595,49.7667,11.55,SW,111,4,231,6,102.0,116.0,215.0,244.0
11599,50.2,12.0833,SW,99,6,255,6,88.0,109.0,239.0,277.0
11605,50.2167,11.5667,SW,102,11,239,11,79.0,120.0,227.0,279.0
11606,50.0667,10.95,SW,81,6,231,6,59.0,101.0,221.0,243.0
11614,50.15,11.9667,SW,96,8,239,5,81.0,109.0,231.0,245.0
11615,50.1333,12.0,SW,103,9,250,9,93.0,116.0,237.0,274.0
11620,50.1,11.8833,SW,99,6,260,4,84.0,106.0,254.0,273.0
11494,50.0,11.6833,SW,98,8,233,10,86.0,110.0,210.0,258.0
11622,49.3,10.5833,SW,79,11,233,11,60.0,88.0,220.0,242.0
11623,48.9,11.1833,SW,83,11,239,11,68.0,96.0,228.0,257.0
11624,49.6,11.0167,SW,102,6,228,4,91.0,116.0,215.0,241.0
11628,49.4167,11.0333,SW,93,3,224,3,84.0,108.0,211.0,235.0
11634,49.3333,10.8,SW,94,3,240,3,92.0,98.0,224.0,254.0
11635,49.35,10.5167,SW,96,7,236,7,78.0,112.0,228.0,246.0
11641,49.1333,10.4833,SW,91,5,231,5,76.0,110.0,229.0,237.0
11648,48.9167,11.35,SW,80,10,226,10,59.0,96.0,208.0,243.0
11650,48.9167,11.2,SW,94,3,242,4,84.0,108.0,228.0,255.0
11652,49.5833,11.2,SW,100,11,230,11,82.0,118.0,218.0,243.0
11655,49.5667,11.1833,SW,88,11,235,11,76.0,111.0,224.0,260.0
11656,49.55,10.95,SW,91,10,230,10,76.0,109.0,210.0,248.0
11660,49.1667,10.3333,SW,97,6,233,4,79.0,115.0,220.0,243.0
11662,49.15,10.6667,SW,90,3,234,3,86.0,99.0,226.0,241.0
11663,49.2667,10.4667,SW,82,6,231,9,74.0,94.0,224.0,246.0
11667,49.5,10.8,SW,92,10,230,10,80.0,109.0,220.0,241.0
11670,49.5,10.8833,SW,107,4,230,6,100.0,114.0,222.0,241.0
11671,49.45,10.9667,SW,73,3,218,3,65.0,82.0,211.0,230.0
11672,49.15,10.8833,SW,95,4,236,4,76.0,109.0,231.0,243.0
11675,49.5167,11.4167,SW,96,9,226,10,76.0,113.0,216.0,238.0
11679,49.25,11.2333,SW,90,4,251,5,63.0,120.0,215.0,263.0
11689,49.0833,11.2167,SW,88,8,234,7,75.0,100.0,220.0,246.0
11696,49.4833,10.7167,SW,94,8,220,11,82.0,106.0,209.0,226.0
11702,49.4,11.4,SW,95,9,238,9,83.0,109.0,225.0,256.0
11703,49.3833,10.3333,SW,82,7,233,9,66.0,110.0,209.0,260.0
11709,49.6833,10.3,SW,77,10,226,10,60.0,95.0,210.0,241.0
11711,49.6667,10.4667,SW,79,8,230,8,57.0,94.0,208.0,244.0
11714,49.3667,11.1,SW,99,5,224,4,81.0,115.0,206.0,235.0
11716,49.25,11.0833,SW,88,6,233,6,80.0,96.0,225.0,243.0
11720,49.6333,10.2333,SW,76,10,225,10,54.0,95.0,209.0,250.0
11721,49.45,10.3167,SW,83,11,224,11,69.0,111.0,207.0,240.0
11722,49.6,10.2,SW,84,7,234,5,55.0,108.0,212.0,253.0
11725,49.55,10.2333,SW,79,10,231,10,66.0,97.0,218.0,247.0
11728,48.9,10.9333,SW,92,9,231,8,74.0,108.0,220.0,249.0
11735,49.9833,9.15,SW,89,6,223,7,70.0,100.0,199.0,238.0
10149,50.1333,7.75,SW,92,7,240,9,76.0,107.0,226.0,260.0
11745,50.0833,9.15,SW,80,8,221,7,65.0,96.0,212.0,232.0
11746,50.0833,9.25,SW,94,9,222,9,74.0,116.0,214.0,233.0
11747,49.9333,9.0833,SW,96,9,222,9,79.0,116.0,205.0,234.0
11748,49.9667,9.2167,SW,94,8,223,11,73.0,127.0,197.0,244.0
11750,50.0,9.2,SW,101,9,225,11,86.0,121.0,213.0,234.0
11754,49.9833,9.3167,SW,99,3,235,4,87.0,117.0,221.0,246.0
11760,50.25,10.2,SW,77,9,237,9,63.0,94.0,222.0,251.0
11780,50.2833,9.9167,SW,88,3,244,4,85.0,92.0,225.0,262.0
11785,50.2,10.7667,SW,87,6,239,6,76.0,106.0,220.0,255.0
11792,50.0667,9.8,SW,78,11,229,11,60.0,96.0,220.0,245.0
11794,50.2,9.6167,SW,91,10,234,11,69.0,106.0,213.0,248.0
11795,50.2167,9.6167,SW,92,4,224,5,86.0,98.0,214.0,238.0
11796,50.1,9.65,SW,109,5,230,11,69.0,130.0,219.0,236.0
11798,50.1,9.8,SW,84,11,227,11,56.0,99.0,215.0,257.0
11803,49.95,10.2833,SW,76,11,225,11,54.0,96.0,212.0,243.0
11806,49.8,10.35,SW,82,8,225,8,56.0,99.0,213.0,234.0
11817,49.9667,10.6833,SW,78,6,222,7,59.0,104.0,210.0,243.0
11820,50.0333,10.5,SW,76,5,212,4,55.0,89.0,208.0,218.0
11825,49.9667,10.5667,SW,90,8,226,8,67.0,109.0,204.0,242.0
11826,50.0,10.6167,SW,85,9,222,11,74.0,109.0,206.0,233.0
11834,50.0833,10.5667,SW,79,10,216,10,57.0,92.0,210.0,229.0
11840,49.9333,9.9667,SW,78,3,233,3,65.0,86.0,230.0,239.0
11841,50.0167,9.8833,SW,75,6,227,4,59.0,86.0,217.0,244.0
11845,49.9,9.8167,SW,83,10,227,10,61.0,106.0,209.0,244.0
11848,49.7833,10.2833,SW,80,6,223,9,59.0,108.0,215.0,235.0
11849,49.7167,10.2167,SW,80,9,223,9,65.0,112.0,210.0,244.0
11853,49.8667,10.1333,SW,77,11,226,11,59.0,95.0,218.0,238.0
11854,49.85,10.1,SW,80,11,227,11,57.0,97.0,200.0,243.0
11856,50.3,10.5667,SW,79,11,239,11,67.0,97.0,228.0,245.0
11857,50.3,10.4667,SW,81,11,231,11,68.0,101.0,211.0,251.0
11862,50.0667,9.65,SW,86,10,223,10,73.0,105.0,210.0,245.0
11868,49.85,9.6,SW,76,6,226,6,59.0,92.0,214.0,239.0
11875,50.4,10.35,SW,81,3,238,3,76.0,90.0,226.0,247.0
11883,50.45,10.2667,SW,87,10,218,11,78.0,99.0,200.0,234.0
11886,49.7,9.25,SW,73,11,225,11,59.0,90.0,206.0,246.0
11887,49.85,9.1667,SW,82,6,215,6,67.0,99.0,202.0,231.0
11890,49.8333,9.1333,SW,84,11,223,11,69.0,101.0,212.0,238.0
11895,49.6,10.0,SW,73,3,224,3,64.0,80.0,216.0,231.0
11897,49.7,10.0167,SW,82,5,225,5,69.0,96.0,215.0,245.0
11898,50.0,10.1833,SW,77,10,225,10,57.0,96.0,213.0,253.0
11904,50.0,10.05,SW,73,10,223,10,53.0,95.0,209.0,241.0
11906,49.6833,9.9167,SW,79,9,226,6,57.0,96.0,209.0,244.0
11907,49.9,10.05,SW,79,11,227,10,67.0,97.0,213.0,243.0
11908,49.8833,10.0333,SW,85,10,230,11,74.0,97.0,217.0,252.0
11910,49.6833,9.9,SW,82,5,222,4,67.0,96.0,214.0,231.0
11911,49.8667,9.9,SW,87,9,226,8,56.0,102.0,216.0,231.0
11915,49.7833,9.7667,SW,84,11,230,11,60.0,105.0,218.0,247.0
11916,49.8333,9.8667,SW,79,3,214,3,68.0,86.0,197.0,225.0
11918,48.5833,10.5,SW,86,11,236,11,71.0,106.0,222.0,254.0
11923,48.7333,11.1833,SW,93,11,221,11,73.0,111.0,210.0,230.0
11926,48.2833,10.7,SW,86,4,232,4,72.0,97.0,227.0,244.0
11927,48.4333,10.8833,SW,85,11,233,11,74.0,95.0,224.0,239.0
11929,48.35,10.8333,SW,80,11,232,11,66.0,97.0,224.0,244.0
11930,48.3667,10.85,SW,81,6,234,5,73.0,89.0,223.0,246.0
11932,48.55,10.3,SW,79,11,233,11,54.0,95.0,221.0,245.0
8854,50.6833,6.8167,SW,89,9,227,9,74.0,115.0,213.0,242.0
4466,54.5275,9.5487,SW,98,10,233,11,80.0,113.0,216.0,248.0
11693,49.5833,10.6,SW,94,5,226,9,74.0,112.0,210.0,246.0
4887,48.6657,9.8646,SW,90,11,238,11,70.0,109.0,228.0,255.0
11743,50.0667,9.1333,SW,91,5,220,4,82.0,98.0,212.0,233.0
4933,48.7091,9.2147,SW,78,8,232,8,40.0,98.0,220.0,236.0
11769,50.3167,10.2167,SW,89,11,218,11,69.0,107.0,203.0,233.0
5100,49.7479,6.6582,SW,92,11,221,11,76.0,107.0,210.0,233.0
11823,49.95,10.6,SW,88,11,225,11,75.0,100.0,190.0,250.0
5404,48.4025,11.6946,SW,81,11,227,10,68.0,98.0,214.0,254.0
5705,49.7703,9.9577,SW,83,11,225,11,65.0,96.0,214.0,240.0
11388,49.1167,11.7333,SW,90,11,230,11,76.0,104.0,222.0,243.0
7502,54.4,10.15,SW,89,3,243,3,86.0,94.0,240.0,250.0
7509,54.4333,9.7,SW,89,8,239,9,69.0,109.0,217.0,262.0
7516,54.4,9.9667,SW,95,10,235,10,77.0,112.0,224.0,245.0
7525,54.4333,9.9833,SW,86,3,240,3,74.0,96.0,217.0,252.0
7536,54.0167,10.5667,SW,98,9,238,11,79.0,119.0,200.0,255.0
7537,54.0,10.4833,SW,107,5,264,3,105.0,110.0,262.0,270.0
7540,54.1333,10.6167,SW,108,6,273,3,95.0,120.0,270.0,276.0
7544,54.1833,10.55,SW,100,11,234,11,79.0,116.0,219.0,254.0
7546,53.95,10.7333,SW,105,5,225,7,78.0,116.0,202.0,254.0
7559,54.75,9.9,SW,102,3,242,4,93.0,111.0,235.0,249.0
7568,54.7333,9.5,SW,99,7,246,3,89.0,108.0,238.0,258.0
7580,54.7167,9.6833,SW,100,7,250,4,91.0,113.0,242.0,273.0
7601,53.6167,10.7,SW,88,11,232,11,67.0,115.0,221.0,245.0
7616,54.6167,8.9667,SW,93,11,242,11,79.0,107.0,230.0,258.0
7623,54.6667,9.1333,SW,100,4,240,5,88.0,115.0,220.0,270.0
7624,54.5167,8.65,SW,89,3,235,4,79.0,99.0,219.0,253.0
7646,54.25,10.8333,SW,98,6,243,8,72.0,125.0,228.0,262.0
7660,53.7,9.8,SW,103,9,234,9,83.0,113.0,222.0,246.0
7669,53.8167,9.7833,SW,101,8,238,7,89.0,116.0,223.0,257.0
7684,54.3567,10.182,SW,84,8,232,8,66.0,117.0,221.0,244.0
7693,54.2833,10.2333,SW,98,10,231,9,69.0,120.0,222.0,247.0
7715,54.1667,9.85,SW,101,4,244,4,92.0,111.0,231.0,260.0
7716,54.3,9.6667,SW,96,4,239,3,82.0,107.0,229.0,245.0
7721,54.1167,9.4333,SW,105,7,236,7,98.0,125.0,224.0,249.0
7722,54.1333,9.55,SW,98,9,243,9,85.0,107.0,199.0,256.0
7747,54.0167,10.0333,SW,93,4,227,4,81.0,110.0,220.0,238.0
7753,53.9667,10.0833,SW,95,8,242,8,91.0,103.0,239.0,246.0
7761,54.0167,10.1667,SW,88,7,247,8,80.0,92.0,230.0,269.0
7769,53.7833,10.0833,SW,111,8,230,8,95.0,120.0,220.0,243.0
7774,53.8167,9.6167,SW,91,8,246,5,74.0,101.0,237.0,258.0
7776,53.85,9.4833,SW,98,6,232,3,81.0,117.0,221.0,239.0
7781,54.0167,9.8,SW,94,4,240,6,90.0,100.0,225.0,268.0
7784,53.6667,10.2,SW,86,8,233,9,74.0,99.0,217.0,246.0
7795,53.8333,10.4833,SW,95,8,238,6,79.0,114.0,229.0,252.0
7801,53.7333,10.1667,SW,95,7,235,7,90.0,100.0,212.0,248.0
7805,54.0167,8.9,SW,95,6,243,5,79.0,113.0,230.0,251.0
7806,53.9667,9.0167,SW,104,5,254,4,91.0,121.0,244.0,270.0
7815,53.9667,9.0833,SW,97,4,250,4,90.0,108.0,236.0,260.0
7817,54.7333,8.7333,SW,108,4,261,4,97.0,118.0,251.0,279.0
7821,54.8,9.1667,SW,88,10,235,10,72.0,102.0,219.0,273.0
7822,54.8667,8.7333,SW,110,5,256,5,96.0,128.0,225.0,290.0
7828,54.6833,8.5667,SW,94,11,237,10,76.0,108.0,217.0,255.0
7829,53.65,10.1833,SW,94,7,232,5,90.0,102.0,208.0,262.0
7830,53.4833,10.2333,SW,103,7,240,7,95.0,114.0,223.0,261.0
7855,52.7667,8.75,SW,91,6,238,8,74.0,107.0,224.0,260.0
7868,52.7833,9.1333,SW,79,11,224,11,60.0,99.0,213.0,245.0
7876,52.9833,8.8167,SW,79,6,241,5,63.0,100.0,220.0,255.0
7878,52.9,9.0333,SW,80,11,236,11,65.0,97.0,222.0,264.0
7881,52.85,9.1833,SW,81,6,236,6,68.0,108.0,222.0,253.0
7892,52.1,9.4167,SW,73,3,238,3,65.0,89.0,235.0,240.0
7894,52.1333,9.5833,SW,89,11,234,11,71.0,108.0,219.0,248.0
7906,52.3,9.7333,SW,104,9,233,10,79.0,125.0,206.0,271.0
7912,52.3,9.8,SW,80,7,241,7,51.0,100.0,228.0,251.0
7919,52.55,9.4167,SW,90,7,234,7,76.0,112.0,218.0,252.0
7922,52.3833,9.35,SW,67,4,234,3,61.0,73.0,230.0,241.0
7923,52.4,9.45,SW,100,10,219,10,88.0,113.0,195.0,250.0
7927,52.5167,9.5167,SW,79,4,230,6,68.0,98.0,221.0,242.0
7933,52.6667,9.25,SW,95,7,229,11,77.0,110.0,221.0,240.0
7936,52.5667,9.1333,SW,79,3,227,3,79.0,80.0,216.0,236.0
7937,52.6167,9.25,SW,94,6,231,6,85.0,107.0,214.0,240.0
7946,52.7167,9.25,SW,79,3,232,3,70.0,91.0,230.0,236.0
7951,52.4,9.1167,SW,79,4,235,4,73.0,90.0,227.0,247.0
7962,52.4333,9.2667,SW,90,3,230,3,82.0,102.0,226.0,237.0
7963,52.2167,9.4,SW,87,11,245,11,70.0,108.0,227.0,260.0
7966,52.2167,9.7167,SW,83,9,247,6,68.0,105.0,235.0,260.0
7968,52.2167,9.65,SW,82,4,234,3,73.0,87.0,225.0,239.0
7969,52.2,9.4667,SW,87,8,230,7,69.0,110.0,216.0,243.0
7971,52.2667,9.7667,SW,90,9,233,9,72.0,111.0,223.0,244.0
7972,52.2667,9.35,SW,82,11,243,11,72.0,96.0,232.0,258.0
7973,52.2167,9.55,SW,95,7,243,6,76.0,115.0,217.0,264.0
7974,52.2167,9.6333,SW,89,10,238,4,65.0,109.0,215.0,260.0
7978,52.15,9.95,SW,74,5,231,4,57.0,95.0,221.0,251.0
7979,52.0,9.9333,SW,77,6,241,8,68.0,95.0,225.0,258.0
7980,51.9833,9.8167,SW,96,9,215,8,85.0,119.0,197.0,235.0
7984,52.0833,9.7833,SW,89,8,243,9,71.0,106.0,226.0,255.0
7986,52.1167,9.7,SW,88,4,232,5,68.0,108.0,210.0,254.0
7995,51.5667,10.2333,SW,101,8,240,10,84.0,112.0,229.0,256.0
7998,51.8,9.7,SW,87,4,227,4,66.0,101.0,220.0,245.0
8004,51.4333,9.9333,SW,87,11,237,11,72.0,106.0,220.0,255.0
8005,51.6167,10.0,SW,82,4,229,4,80.0,87.0,214.0,265.0
8008,52.0167,10.1333,SW,95,4,236,4,82.0,107.0,220.0,255.0
8009,52.0333,10.0,SW,95,10,235,11,82.0,112.0,223.0,253.0
8010,52.0667,10.0167,SW,79,9,231,9,62.0,108.0,218.0,243.0
8011,52.1,9.9167,SW,92,4,231,4,77.0,110.0,206.0,240.0
8012,52.1,10.0,SW,87,3,231,4,77.0,99.0,206.0,241.0
8013,52.1,10.1667,SW,85,6,229,3,68.0,106.0,218.0,240.0
8015,51.95,10.1167,SW,92,3,237,3,82.0,109.0,232.0,242.0
8018,52.0833,10.15,SW,90,8,237,8,68.0,106.0,225.0,247.0
8020,52.2333,9.85,SW,91,9,222,8,72.0,110.0,206.0,234.0
8025,51.9333,9.65,SW,86,11,233,11,61.0,110.0,230.0,243.0
8027,51.95,9.7333,SW,97,3,245,3,83.0,121.0,236.0,250.0
8028,51.85,9.6333,SW,104,4,230,4,92.0,113.0,218.0,247.0
8029,51.8333,9.45,SW,82,4,236,4,64.0,92.0,227.0,247.0
8036,51.3833,9.7667,SW,71,6,238,6,48.0,97.0,225.0,256.0
8039,51.5167,9.7,SW,91,11,220,10,76.0,113.0,206.0,232.0
8048,51.7167,10.0,SW,94,5,233,5,79.0,106.0,193.0,262.0
8052,51.6,10.45,SW,96,6,230,7,82.0,109.0,223.0,237.0
8054,51.7667,10.1833,SW,82,6,233,5,72.0,98.0,218.0,248.0
8056,51.65,10.25,SW,74,6,231,7,67.0,87.0,214.0,253.0
8058,51.8,10.0333,SW,84,11,246,11,61.0,97.0,232.0,265.0
8060,51.7333,10.25,SW,81,5,236,4,72.0,94.0,224.0,256.0
8071,52.3167,10.2333,SW,76,11,224,11,60.0,94.0,208.0,236.0
8084,52.6333,10.0833,SW,85,11,230,11,75.0,105.0,202.0,250.0
8087,52.5333,9.7667,SW,85,9,228,9,69.0,100.0,218.0,240.0
8088,52.45,10.0,SW,82,9,247,6,67.0,103.0,241.0,254.0
8090,52.5667,9.85,SW,89,7,236,8,73.0,102.0,215.0,259.0
8093,52.4,10.0667,SW,88,8,233,8,75.0,102.0,217.0,244.0
8100,52.6833,9.8167,SW,91,4,238,4,71.0,104.0,224.0,259.0
8101,52.8167,9.9667,SW,83,6,232,9,82.0,87.0,215.0,248.0
8113,52.7333,9.85,SW,81,9,243,10,51.0,111.0,237.0,255.0
8114,52.8667,10.1167,SW,95,6,238,9,70.0,110.0,225.0,248.0
8117,52.7333,10.1667,SW,83,10,229,9,63.0,103.0,215.0,240.0
8122,52.6667,9.8333,SW,88,8,227,7,76.0,110.0,212.0,241.0
8123,52.65,10.3833,SW,77,7,233,11,70.0,82.0,218.0,253.0
8125,52.7667,9.55,SW,80,11,235,11,54.0,99.0,209.0,256.0
8127,52.9,9.6667,SW,86,11,236,11,68.0,108.0,224.0,247.0
8128,52.7667,9.4667,SW,82,11,228,11,72.0,99.0,212.0,244.0
8132,52.9,9.5833,SW,85,10,235,11,73.0,107.0,220.0,255.0
8133,52.9333,9.7333,SW,93,8,236,8,82.0,104.0,227.0,252.0
8134,52.6667,9.6167,SW,89,8,227,8,69.0,108.0,210.0,242.0
8137,52.8667,9.6,SW,82,9,235,10,62.0,110.0,220.0,255.0
8138,52.85,9.7333,SW,95,9,231,10,78.0,115.0,222.0,252.0
8144,52.4833,10.55,SW,79,7,231,7,69.0,104.0,221.0,242.0
8146,52.7333,10.6,SW,79,5,231,3,72.0,87.0,227.0,236.0
8147,52.3667,10.75,SW,84,10,233,9,65.0,109.0,216.0,248.0
8149,52.3833,10.55,SW,96,10,246,11,78.0,110.0,234.0,260.0
8151,52.5333,10.35,SW,82,9,226,9,70.0,107.0,195.0,245.0
8153,52.3833,10.4833,SW,88,5,242,5,72.0,104.0,225.0,255.0
8165,52.6667,10.85,SW,88,11,234,11,71.0,106.0,222.0,245.0
8171,53.25,10.0,SW,104,11,241,11,98.0,110.0,230.0,247.0
8182,53.4,9.8667,SW,102,4,232,3,98.0,114.0,217.0,243.0
